pack_id,video_id,item_count,source_text_chars,first_piece_id,last_piece_id,file
review_pack_0001,RiAsGTSORZ4,301,21748,RiAsGTSORZ4_S000001_P001,RiAsGTSORZ4_S000044_P002,review_pack_0001.json
review_pack_0002,HdbsrkbYzHM,604,54991,HdbsrkbYzHM_S000001_P001,HdbsrkbYzHM_S000067_P010,review_pack_0002.json
review_pack_0003,HdbsrkbYzHM,694,54835,HdbsrkbYzHM_S000067_P011,HdbsrkbYzHM_S000148_P004,review_pack_0003.json
review_pack_0004,HdbsrkbYzHM,714,54906,HdbsrkbYzHM_S000148_P005,HdbsrkbYzHM_S000239_P016,review_pack_0004.json
review_pack_0005,HdbsrkbYzHM,651,54973,HdbsrkbYzHM_S000239_P017,HdbsrkbYzHM_S000317_P002,review_pack_0005.json
review_pack_0006,HdbsrkbYzHM,613,54971,HdbsrkbYzHM_S000317_P003,HdbsrkbYzHM_S000381_P034,review_pack_0006.json
review_pack_0007,HdbsrkbYzHM,380,32995,HdbsrkbYzHM_S000381_P035,HdbsrkbYzHM_S000432_P010,review_pack_0007.json
review_pack_0008,-XC3WibmUKQ,625,54871,-XC3WibmUKQ_S000001_P001,-XC3WibmUKQ_S000079_P019,review_pack_0008.json
review_pack_0009,-XC3WibmUKQ,583,54909,-XC3WibmUKQ_S000079_P020,-XC3WibmUKQ_S000145_P014,review_pack_0009.json
review_pack_0010,-XC3WibmUKQ,580,54976,-XC3WibmUKQ_S000145_P015,-XC3WibmUKQ_S000214_P019,review_pack_0010.json
review_pack_0011,-XC3WibmUKQ,723,54925,-XC3WibmUKQ_S000214_P020,-XC3WibmUKQ_S000296_P022,review_pack_0011.json
review_pack_0012,-XC3WibmUKQ,714,54928,-XC3WibmUKQ_S000296_P023,-XC3WibmUKQ_S000379_P003,review_pack_0012.json
review_pack_0013,-XC3WibmUKQ,624,45862,-XC3WibmUKQ_S000379_P004,-XC3WibmUKQ_S000444_P003,review_pack_0013.json
review_pack_0014,YaxBsFrzwZE,608,54999,YaxBsFrzwZE_S000001_P001,YaxBsFrzwZE_S000065_P034,review_pack_0014.json
review_pack_0015,YaxBsFrzwZE,665,54968,YaxBsFrzwZE_S000065_P035,YaxBsFrzwZE_S000135_P001,review_pack_0015.json
review_pack_0016,YaxBsFrzwZE,715,54963,YaxBsFrzwZE_S000135_P002,YaxBsFrzwZE_S000220_P002,review_pack_0016.json
review_pack_0017,YaxBsFrzwZE,626,54992,YaxBsFrzwZE_S000220_P003,YaxBsFrzwZE_S000305_P002,review_pack_0017.json
review_pack_0018,YaxBsFrzwZE,568,54876,YaxBsFrzwZE_S000305_P003,YaxBsFrzwZE_S000372_P022,review_pack_0018.json
review_pack_0019,YaxBsFrzwZE,558,44521,YaxBsFrzwZE_S000372_P023,YaxBsFrzwZE_S000445_P006,review_pack_0019.json
review_pack_0020,I29SlhGqXgg,548,54989,I29SlhGqXgg_S000001_P001,I29SlhGqXgg_S000065_P004,review_pack_0020.json
review_pack_0021,I29SlhGqXgg,557,54976,I29SlhGqXgg_S000065_P005,I29SlhGqXgg_S000137_P001,review_pack_0021.json
review_pack_0022,I29SlhGqXgg,660,54898,I29SlhGqXgg_S000137_P002,I29SlhGqXgg_S000227_P003,review_pack_0022.json
review_pack_0023,I29SlhGqXgg,641,54919,I29SlhGqXgg_S000227_P004,I29SlhGqXgg_S000303_P015,review_pack_0023.json
review_pack_0024,I29SlhGqXgg,559,54948,I29SlhGqXgg_S000303_P016,I29SlhGqXgg_S000364_P003,review_pack_0024.json
review_pack_0025,I29SlhGqXgg,636,54934,I29SlhGqXgg_S000364_P004,I29SlhGqXgg_S000435_P008,review_pack_0025.json
review_pack_0026,I29SlhGqXgg,475,41717,I29SlhGqXgg_S000435_P009,I29SlhGqXgg_S000481_P002,review_pack_0026.json
review_pack_0027,0_gFaWnMiCY,639,54925,0_gFaWnMiCY_S000001_P001,0_gFaWnMiCY_S000067_P015,review_pack_0027.json
review_pack_0028,0_gFaWnMiCY,640,54950,0_gFaWnMiCY_S000067_P016,0_gFaWnMiCY_S000140_P006,review_pack_0028.json
review_pack_0029,0_gFaWnMiCY,595,54934,0_gFaWnMiCY_S000141_P001,0_gFaWnMiCY_S000210_P013,review_pack_0029.json
review_pack_0030,0_gFaWnMiCY,662,54974,0_gFaWnMiCY_S000210_P014,0_gFaWnMiCY_S000295_P001,review_pack_0030.json
review_pack_0031,0_gFaWnMiCY,644,54969,0_gFaWnMiCY_S000295_P002,0_gFaWnMiCY_S000367_P011,review_pack_0031.json
review_pack_0032,0_gFaWnMiCY,487,42667,0_gFaWnMiCY_S000367_P012,0_gFaWnMiCY_S000409_P013,review_pack_0032.json
review_pack_0033,Pf9QTip2hqI,621,54998,Pf9QTip2hqI_S000001_P001,Pf9QTip2hqI_S000083_P005,review_pack_0033.json
review_pack_0034,Pf9QTip2hqI,701,54953,Pf9QTip2hqI_S000083_P006,Pf9QTip2hqI_S000171_P009,review_pack_0034.json
review_pack_0035,Pf9QTip2hqI,638,54896,Pf9QTip2hqI_S000172_P001,Pf9QTip2hqI_S000255_P011,review_pack_0035.json
review_pack_0036,Pf9QTip2hqI,640,54980,Pf9QTip2hqI_S000256_P001,Pf9QTip2hqI_S000345_P001,review_pack_0036.json
review_pack_0037,Pf9QTip2hqI,660,54941,Pf9QTip2hqI_S000345_P002,Pf9QTip2hqI_S000427_P013,review_pack_0037.json
review_pack_0038,Pf9QTip2hqI,578,49629,Pf9QTip2hqI_S000427_P014,Pf9QTip2hqI_S000503_P003,review_pack_0038.json
review_pack_0039,S9YN9llAFv4,640,54968,S9YN9llAFv4_S000001_P001,S9YN9llAFv4_S000073_P010,review_pack_0039.json
review_pack_0040,S9YN9llAFv4,683,54878,S9YN9llAFv4_S000073_P011,S9YN9llAFv4_S000161_P001,review_pack_0040.json
review_pack_0041,S9YN9llAFv4,659,54998,S9YN9llAFv4_S000162_P001,S9YN9llAFv4_S000241_P012,review_pack_0041.json
review_pack_0042,S9YN9llAFv4,661,54974,S9YN9llAFv4_S000241_P013,S9YN9llAFv4_S000333_P001,review_pack_0042.json
review_pack_0043,S9YN9llAFv4,673,54937,S9YN9llAFv4_S000333_P002,S9YN9llAFv4_S000421_P021,review_pack_0043.json
review_pack_0044,S9YN9llAFv4,569,52152,S9YN9llAFv4_S000422_P001,S9YN9llAFv4_S000482_P003,review_pack_0044.json
review_pack_0045,arAbGLeCUsU,737,54889,arAbGLeCUsU_S000001_P001,arAbGLeCUsU_S000097_P010,review_pack_0045.json
review_pack_0046,arAbGLeCUsU,643,54962,arAbGLeCUsU_S000098_P001,arAbGLeCUsU_S000175_P002,review_pack_0046.json
review_pack_0047,arAbGLeCUsU,661,54967,arAbGLeCUsU_S000175_P003,arAbGLeCUsU_S000252_P022,review_pack_0047.json
review_pack_0048,arAbGLeCUsU,732,54964,arAbGLeCUsU_S000252_P023,arAbGLeCUsU_S000337_P001,review_pack_0048.json
review_pack_0049,arAbGLeCUsU,633,54988,arAbGLeCUsU_S000337_P002,arAbGLeCUsU_S000411_P002,review_pack_0049.json
review_pack_0050,arAbGLeCUsU,743,54995,arAbGLeCUsU_S000411_P003,arAbGLeCUsU_S000496_P008,review_pack_0050.json
review_pack_0051,arAbGLeCUsU,138,13170,arAbGLeCUsU_S000497_P001,arAbGLeCUsU_S000519_P003,review_pack_0051.json
review_pack_0052,E_AgFYj41Nk,696,54947,E_AgFYj41Nk_S000001_P001,E_AgFYj41Nk_S000088_P015,review_pack_0052.json
review_pack_0053,E_AgFYj41Nk,643,54973,E_AgFYj41Nk_S000088_P016,E_AgFYj41Nk_S000160_P006,review_pack_0053.json
review_pack_0054,E_AgFYj41Nk,794,54934,E_AgFYj41Nk_S000160_P007,E_AgFYj41Nk_S000264_P005,review_pack_0054.json
review_pack_0055,E_AgFYj41Nk,685,54995,E_AgFYj41Nk_S000264_P006,E_AgFYj41Nk_S000342_P012,review_pack_0055.json
review_pack_0056,E_AgFYj41Nk,808,54945,E_AgFYj41Nk_S000342_P013,E_AgFYj41Nk_S000436_P007,review_pack_0056.json
review_pack_0057,E_AgFYj41Nk,762,53959,E_AgFYj41Nk_S000436_P008,E_AgFYj41Nk_S000523_P006,review_pack_0057.json
review_pack_0058,vimmfFJdrYM,661,54951,vimmfFJdrYM_S000001_P001,vimmfFJdrYM_S000071_P009,review_pack_0058.json
review_pack_0059,vimmfFJdrYM,743,54922,vimmfFJdrYM_S000071_P010,vimmfFJdrYM_S000155_P007,review_pack_0059.json
review_pack_0060,vimmfFJdrYM,752,54976,vimmfFJdrYM_S000156_P001,vimmfFJdrYM_S000249_P007,review_pack_0060.json
review_pack_0061,vimmfFJdrYM,700,54992,vimmfFJdrYM_S000249_P008,vimmfFJdrYM_S000336_P027,review_pack_0061.json
review_pack_0062,vimmfFJdrYM,664,54849,vimmfFJdrYM_S000336_P028,vimmfFJdrYM_S000412_P005,review_pack_0062.json
review_pack_0063,vimmfFJdrYM,674,55000,vimmfFJdrYM_S000412_P006,vimmfFJdrYM_S000495_P001,review_pack_0063.json
review_pack_0064,vimmfFJdrYM,107,7838,vimmfFJdrYM_S000495_P002,vimmfFJdrYM_S000510_P003,review_pack_0064.json
review_pack_0065,hDNesxEPAws,713,54971,hDNesxEPAws_S000001_P001,hDNesxEPAws_S000083_P002,review_pack_0065.json
review_pack_0066,hDNesxEPAws,722,54930,hDNesxEPAws_S000083_P003,hDNesxEPAws_S000159_P001,review_pack_0066.json
review_pack_0067,hDNesxEPAws,669,54775,hDNesxEPAws_S000159_P002,hDNesxEPAws_S000237_P006,review_pack_0067.json
review_pack_0068,hDNesxEPAws,756,54984,hDNesxEPAws_S000237_P007,hDNesxEPAws_S000340_P003,review_pack_0068.json
review_pack_0069,hDNesxEPAws,729,54935,hDNesxEPAws_S000341_P001,hDNesxEPAws_S000434_P013,review_pack_0069.json
review_pack_0070,hDNesxEPAws,743,54987,hDNesxEPAws_S000434_P014,hDNesxEPAws_S000513_P014,review_pack_0070.json
review_pack_0071,hDNesxEPAws,67,5013,hDNesxEPAws_S000513_P015,hDNesxEPAws_S000521_P005,review_pack_0071.json
review_pack_0072,HAe5kdfMP9U,737,54954,HAe5kdfMP9U_S000001_P001,HAe5kdfMP9U_S000088_P001,review_pack_0072.json
review_pack_0073,HAe5kdfMP9U,726,54989,HAe5kdfMP9U_S000088_P002,HAe5kdfMP9U_S000164_P009,review_pack_0073.json
review_pack_0074,HAe5kdfMP9U,709,54882,HAe5kdfMP9U_S000164_P010,HAe5kdfMP9U_S000249_P015,review_pack_0074.json
review_pack_0075,HAe5kdfMP9U,687,54772,HAe5kdfMP9U_S000249_P016,HAe5kdfMP9U_S000342_P016,review_pack_0075.json
review_pack_0076,HAe5kdfMP9U,767,54926,HAe5kdfMP9U_S000342_P017,HAe5kdfMP9U_S000443_P011,review_pack_0076.json
review_pack_0077,HAe5kdfMP9U,628,47620,HAe5kdfMP9U_S000443_P012,HAe5kdfMP9U_S000513_P001,review_pack_0077.json
review_pack_0078,Itad_gcdHHM,807,54985,Itad_gcdHHM_S000001_P001,Itad_gcdHHM_S000098_P010,review_pack_0078.json
review_pack_0079,Itad_gcdHHM,684,54965,Itad_gcdHHM_S000098_P011,Itad_gcdHHM_S000185_P001,review_pack_0079.json
review_pack_0080,Itad_gcdHHM,719,54940,Itad_gcdHHM_S000185_P002,Itad_gcdHHM_S000270_P001,review_pack_0080.json
review_pack_0081,Itad_gcdHHM,798,54996,Itad_gcdHHM_S000270_P002,Itad_gcdHHM_S000362_P005,review_pack_0081.json
review_pack_0082,Itad_gcdHHM,835,54941,Itad_gcdHHM_S000362_P006,Itad_gcdHHM_S000449_P012,review_pack_0082.json
review_pack_0083,Itad_gcdHHM,677,54875,Itad_gcdHHM_S000449_P013,Itad_gcdHHM_S000529_P008,review_pack_0083.json
review_pack_0084,Itad_gcdHHM,175,12840,Itad_gcdHHM_S000530_P001,Itad_gcdHHM_S000556_P006,review_pack_0084.json
review_pack_0085,0Wjq6gqd1Sc,720,54949,0Wjq6gqd1Sc_S000001_P001,0Wjq6gqd1Sc_S000101_P001,review_pack_0085.json
review_pack_0086,0Wjq6gqd1Sc,727,54959,0Wjq6gqd1Sc_S000101_P002,0Wjq6gqd1Sc_S000195_P006,review_pack_0086.json
review_pack_0087,0Wjq6gqd1Sc,761,54945,0Wjq6gqd1Sc_S000195_P007,0Wjq6gqd1Sc_S000270_P023,review_pack_0087.json
review_pack_0088,0Wjq6gqd1Sc,755,54937,0Wjq6gqd1Sc_S000270_P024,0Wjq6gqd1Sc_S000355_P032,review_pack_0088.json
review_pack_0089,0Wjq6gqd1Sc,774,54888,0Wjq6gqd1Sc_S000355_P033,0Wjq6gqd1Sc_S000442_P006,review_pack_0089.json
review_pack_0090,0Wjq6gqd1Sc,727,54953,0Wjq6gqd1Sc_S000442_P007,0Wjq6gqd1Sc_S000523_P012,review_pack_0090.json
review_pack_0091,0Wjq6gqd1Sc,700,54955,0Wjq6gqd1Sc_S000523_P013,0Wjq6gqd1Sc_S000623_P001,review_pack_0091.json
review_pack_0092,0Wjq6gqd1Sc,751,52775,0Wjq6gqd1Sc_S000623_P002,0Wjq6gqd1Sc_S000715_P022,review_pack_0092.json
review_pack_0093,9XJ78IeFBxY,739,54953,9XJ78IeFBxY_S000001_P001,9XJ78IeFBxY_S000085_P002,review_pack_0093.json
review_pack_0094,9XJ78IeFBxY,790,54970,9XJ78IeFBxY_S000085_P003,9XJ78IeFBxY_S000167_P012,review_pack_0094.json
review_pack_0095,9XJ78IeFBxY,807,54967,9XJ78IeFBxY_S000167_P013,9XJ78IeFBxY_S000274_P012,review_pack_0095.json
review_pack_0096,9XJ78IeFBxY,777,54972,9XJ78IeFBxY_S000274_P013,9XJ78IeFBxY_S000371_P003,review_pack_0096.json
review_pack_0097,9XJ78IeFBxY,728,54967,9XJ78IeFBxY_S000372_P001,9XJ78IeFBxY_S000430_P024,review_pack_0097.json
review_pack_0098,9XJ78IeFBxY,695,54907,9XJ78IeFBxY_S000431_P001,9XJ78IeFBxY_S000518_P011,review_pack_0098.json
review_pack_0099,9XJ78IeFBxY,762,54917,9XJ78IeFBxY_S000518_P012,9XJ78IeFBxY_S000617_P009,review_pack_0099.json
review_pack_0100,9XJ78IeFBxY,618,46254,9XJ78IeFBxY_S000617_P010,9XJ78IeFBxY_S000694_P011,review_pack_0100.json
